"https://www.its.co.uk/pd/AE241F1080-Mirka-Abranet-Discs-150mm-for-Ceros-10PK-80g-_MIRAE241F1080.htm, 6416868683004,(£15.59 inc VAT)"
"https://www.its.co.uk/pd/4932254071-T111C-75mm-x-3mm-Traditional-Blades---PK5-_MIL4932254071.htm, 4002395301539,(£3.59 inc VAT)"
"https://www.its.co.uk/pd/4932311633-T344D-105mm-x-4mm-Fast-Cut-Blades-_MIL4932311633.htm, 4002395301508,(£11.75 inc VAT)"
"unknown, 42326312382,Too many results, search failed"
"https://www.its.co.uk/pd/4932346078-T244D-75mm-x-4mm-Curve-Blades---PK5-_MIL4932346078.htm, 4002395312375,(£6.83 inc VAT)"
"https://www.its.co.uk/pd/4932254064-T118B-55mm-x-2mm-Jigsaw-Blades---PK5-_MIL4932254064.htm, 4002395301591,(£6.54 inc VAT)"
"https://www.its.co.uk/pd/AE241F1012-Mirka-Abranet-Discs-150mm-for-Ceros-10PK-120g-_MIRAE241F1012.htm, 6416868684186,(£15.59 inc VAT)"
"unknown, 5035048042779,Too many results, search failed"
"unknown, 5035048042793,Too many results, search failed"
"unknown, 5035048042786,Too many results, search failed"
"unknown, 6416868271454,Too many results, search failed"
"unknown, 5011402333738,Too many results, search failed"
"unknown, 5032759022212,Too many results, search failed"
"unknown, 88381249713,Too many results, search failed"
"https://www.its.co.uk/pd/T144D-Bosch-Jigsaw-Blade-Pk-5-Coarse-Cutting-Wood-_BOST144D.htm, 3165140006842,(£5.27 inc VAT)"
"https://www.its.co.uk/pd/T101AO-Bosch-Jigsaw-Blades-Pk-5-Curve-Cutting-Woodplastic-_BOST101AO.htm, 3165140006798,(£6.35 inc VAT)"
"https://www.its.co.uk/pd/T101BR-Bosch-Jigsaw-Blades-Pk-5-Down-Cutting-Woodplastic-_BOST101BR.htm, 3165140012454,(£7.55 inc VAT)"
"https://www.its.co.uk/pd/T101B-Bosch-Jigsaw-Blades-Pk-5-Clean-Cutting-Woodplastics-_BOST101B.htm, 3165140006781,(£7.79 inc VAT)"
"unknown, 5011402370726,Too many results, search failed"
"unknown, 3165140007276,Too many results, search failed"
"unknown, 3165140109765,Too many results, search failed"
"https://www.its.co.uk/pd/2608595501-Bosch-SELFcut-Speed-Flat-Drill-Bit-Hex-Shank-38mm-x-152mm-_BOS2608595501.htm, 3165140035316,incorrect barcode on page - price not found"
"https://www.its.co.uk/pd/2608650971-S1141HM-CT-Endurance-For-Aerated-Concrete---Pack-of-2-_BOS2608650971.htm, 3165140109789,(£23.99 inc VAT)"
"https://www.its.co.uk/pd/T123X-Bosch-Jigsaw-Blades-Pk-5-Progressors-Metal-_BOST123X.htm, 3165140128056,(£7.19 inc VAT)"
"unknown, 3165140076029,Too many results, search failed"
"https://www.its.co.uk/pd/T118A-Bosch-Jigsaw-Blades-Pk-5-Fine-Cutting-Metal-_BOST118A.htm, 3165140007283,incorrect barcode on page - price not found"
"https://www.its.co.uk/pd/T123X-Bosch-Jigsaw-Blades-Pk-5-Progressors-Metal-_BOST123X.htm, 3165140128025,incorrect barcode on page - price not found"
"https://www.its.co.uk/pd/T118A-Bosch-Jigsaw-Blades-Pk-5-Fine-Cutting-Metal-_BOST118A.htm, 3165140007290,(£5.99 inc VAT)"
"https://www.its.co.uk/pd/T118B-Bosch-Jigsaw-Blades-Pk-5-Medium-Cutting-Metal-_BOST118B.htm, 3165140007313,incorrect barcode on page - price not found"
"https://www.its.co.uk/pd/T118B-Bosch-Jigsaw-Blades-Pk-5-Medium-Cutting-Metal-_BOST118B.htm, 3165140007306,(£5.99 inc VAT)"
"https://www.its.co.uk/pd/T118B-Bosch-Jigsaw-Blades-Pk-5-Medium-Cutting-Metal-_BOST118B.htm, 3165140007375,incorrect barcode on page - price not found"
"unknown, 3165140007382,Too many results, search failed"
"https://www.its.co.uk/pd/TDRATSET4-Ratchet-Tie-Downs-5m-x-25mm---Set-of-4-_FAITDRATSET4.htm, 5023969296241,incorrect barcode on page - price not found"
"unknown, 5010699525338,Too many results, search failed"
"unknown, 9001570503909,Too many results, search failed"
"unknown, 5055261538743,Too many results, search failed"
"unknown, 9421903092519,Too many results, search failed"
"https://www.its.co.uk/pd/TR30-Multi-Tool-_SMATR30.htm, 5060111550547,incorrect barcode on page - price not found"
"unknown, 5060111555450,Too many results, search failed"
"unknown, 9421903092342,Too many results, search failed"
"https://www.its.co.uk/pd/HINB1-SMART-Trade-Insulation-Buster-100mm-Blade-_SMAHINB1.htm, 614019503171,(£10.79 inc VAT)"
"unknown, 3165140841245,Too many results, search failed"
"unknown, 5060111550479,Too many results, search failed"
"unknown, 748079735101,Too many results, search failed"
"unknown, 5060111555344,Too many results, search failed"
"unknown, 5060111555375,Too many results, search failed"
"unknown, 5060111555405,Too many results, search failed"
"unknown, 5060111555443,Too many results, search failed"
"unknown, 748079734975,Too many results, search failed"
"unknown, 748079734968,Too many results, search failed"
"https://www.its.co.uk/pd/TR30-Multi-Tool-_SMATR30.htm, 5060111555368,incorrect barcode on page - price not found"
"https://www.its.co.uk/pd/P90TN1-Smart-Purple-Series-90mm-Titanium-Alloy-Segmented-Saw-Blade-_SMAP90TN1.htm, 5060111555399,incorrect barcode on page - price not found"
"https://www.its.co.uk/pd/P90TN1-Smart-Purple-Series-90mm-Titanium-Alloy-Segmented-Saw-Blade-_SMAP90TN1.htm, 5060111555429,(£20.39 inc VAT)"
"unknown, 9342649001675,Too many results, search failed"
"https://www.its.co.uk/pd/8-11-921-Stanley-Knife-Blades-PK100-_STA811921.htm, 3253568119210,(£21.59 inc VAT)"
"unknown, 5055151400020,Too many results, search failed"
"unknown, 3253561119217,Too many results, search failed"
"https://www.its.co.uk/pd/48223103-Milwaukee-Inkzall-Chisel-Point-Marker-Black-_MIL48223103.htm, 45242333608,incorrect barcode on page - price not found"
"unknown, 48615960234,Too many results, search failed"
"unknown, 3253560473143,Too many results, search failed"
"https://www.its.co.uk/pd/PICA3030-Pica-Dry-Longlife-Automatic-Pen-Graphite-_PICA3030.htm, 4260056153716,incorrect barcode on page - price not found"
"unknown, 4260056153754,Too many results, search failed"
"unknown, 4260056153723,Too many results, search failed"
"unknown, 4260056153532,Too many results, search failed"
"https://www.its.co.uk/pd/650110PK10-Dry-Marker-Refill-10-Graphite-leads-_HUL650110.htm, 7317846501114,(£5.99 inc VAT)"
"unknown, 7317846501015,Too many results, search failed"
"unknown, 761856099555,Too many results, search failed"
"unknown, 4260056155277,Too many results, search failed"
"https://www.its.co.uk/pd/PICA3030-Pica-Dry-Longlife-Automatic-Pen-Graphite-_PICA3030.htm, 4260056150302,incorrect barcode on page - price not found"
"https://www.its.co.uk/pd/PICA3030-Pica-Dry-Longlife-Automatic-Pen-Graphite-_PICA3030.htm, 4260056150272,incorrect barcode on page - price not found"
"https://www.its.co.uk/pd/PICA3030-Pica-Dry-Longlife-Automatic-Pen-Graphite-_PICA3030.htm, 4260056150371,(£10.79 inc VAT)"
"https://www.its.co.uk/pd/HS93MIX50-SMART-Trade-93mm-Mixed-Grit-Sanding-Sheets---Pack-of-50-_SMAHS93MIX50.htm, 761856099531,incorrect barcode on page - price not found"
"https://www.its.co.uk/pd/HSP093-SMART-Universal-93mm-Backing-Pad-_SMAHSP093.htm, 761856099548,incorrect barcode on page - price not found"
"unknown, 761856099524,Too many results, search failed"
"https://www.its.co.uk/pd/48223721-Milwaukee-Inkzall-Liquid-Paint-Marker---Yellow-_MIL48223721.htm, 45242363377,incorrect barcode on page - price not found"
"https://www.its.co.uk/pd/48223731-Milwaukee-Inkzall-Liquid-Paint-Marker---Black-_MIL48223731.htm, 45242363384,incorrect barcode on page - price not found"
"https://www.its.co.uk/pd/48223711-Milwaukee-Inkzall-Liquid-Paint-Marker---White-_MIL48223711.htm, 45242363360,incorrect barcode on page - price not found"
"unknown, 4260056155574,Too many results, search failed"
"unknown, 3253560473167,Too many results, search failed"
"https://www.its.co.uk/pd/48223206-Milwaukee-Inkzall-Highlighters-Colour---Pack-of-5-_MIL48223206.htm, 45242482580,incorrect barcode on page - price not found"
"https://www.its.co.uk/pd/48223100-Milwaukee-Inkzall-Fine-Point-Marker-Black-_MIL48223100.htm, 45242319473,incorrect barcode on page - price not found"
"unknown, 3253561473296,Too many results, search failed"
"unknown, 48615960258,Too many results, search failed"
"unknown, 4005820801673,Too many results, search failed"
"https://www.its.co.uk/pd/Winbag-Inflatable-Air-Wedge-_WINBAG.htm, 5710123058400,(£15.59 inc VAT)"
"https://www.its.co.uk/pd/STHT074455-Diagonal-Cut-Plier-180mm-_STASTHT074455.htm, 3253560744717,incorrect barcode on page - price not found"
"unknown, !!!,Too many results, search failed"
"unknown, 5055058198464,Too many results, search failed"
"https://www.its.co.uk/pd/598001-6-Piece-Screwdriver-Set-_STA598001.htm, 3253565980011,(£10.79 inc VAT)"
"https://www.its.co.uk/pd/5073275001-Joker-Wrench-Ratchet-Combi-15mm-SB-_WER073275.htm, 4013288167347,(£21.59 inc VAT)"
"unknown, 4963202021319,Too many results, search failed"
"https://www.its.co.uk/pd/5073274001-Joker-Wrench-Ratchet-Combi-14mm-SB-_WER073274.htm, 4013288167330,(£21.59 inc VAT)"
"https://www.its.co.uk/pd/5073276001-Joker-Wrench-Ratchet-Combi-16mm-SB-_WER073276.htm, 4013288167392,(£21.59 inc VAT)"
"unknown, 5015101153703,Too many results, search failed"
"https://www.its.co.uk/pd/5073272001-Joker-Wrench-Ratchet-Combi-12mm-SB-_WER073272.htm, 4013288167323,(£17.99 inc VAT)"
"unknown, 38548088457,Too many results, search failed"
"unknown, 3253560962302,Too many results, search failed"
"https://www.its.co.uk/pd/073270-JOKER-Combination-Ratchet-Wrench-10mm-x-159mm-_WER073270.htm, 4013288164360,(£15.11 inc VAT)"
"https://www.its.co.uk/pd/073273-JOKER-Combination-Ratchet-Wrench-13mm-x-177mm-_WER073273.htm, 4013288164377,(£17.39 inc VAT)"
"unknown, 761856099517,Too many results, search failed"
"unknown, 5032759012145,Too many results, search failed"
"https://www.its.co.uk/pd/35574-Ratchet-Action-Terminal-Crimping-Tool-220mm-_DRA35574.htm, 5010559355747,(£17.99 inc VAT)"
"https://www.its.co.uk/pd/10505871-Vise-Grip-VDE-Wire-Stripper-150mm6''-_VIS10505871.htm, 5706915058710,(£18.59 inc VAT)"
"unknown, 4975364040831,Too many results, search failed"
"https://www.its.co.uk/pd/TAPHR500H80W1-Scrape-Rite-P-Solid-Core-Scraper-With-Optimal-Blades-565mm-_TAJTAPHR500H80W1.htm, 4975364065858,incorrect barcode on page - price not found"
"unknown, 4975364055071,Too many results, search failed"
"https://www.its.co.uk/pd/TAPZB400GPY-Plumb-Rite-_TAJTAPZB400GPY.htm, 4975364055088,(£37.19 inc VAT)"
"https://www.its.co.uk/pd/073277-JOKER-Combination-Ratchet-Wrench-17mm-x-224mm-_WER073277.htm, 4013288164384,(£22.79 inc VAT)"
"https://www.its.co.uk/pd/5073271001-Joker-Wrench-Ratchet-Combi-11mm-SB-_WER073271.htm, 4013288167316,(£16.19 inc VAT)"
"unknown, 4003758509609,Too many results, search failed"
"https://www.its.co.uk/pd/5073271001-Joker-Wrench-Ratchet-Combi-11mm-SB-_WER073271.htm, 4013288167316,(£16.19 inc VAT)"
"https://www.its.co.uk/pd/073277-JOKER-Combination-Ratchet-Wrench-17mm-x-224mm-_WER073277.htm, 4013288164384,(£22.79 inc VAT)"
"unknown, 7314150042678,Too many results, search failed"
"unknown, 7314150042999,Too many results, search failed"
"https://www.its.co.uk/pd/5073278001-Joker-Wrench-Ratchet-Combi-18mm-SB-_WER073278.htm, 4013288167408,(£25.19 inc VAT)"
"https://www.its.co.uk/pd/2101G125-Side-Cutting-Pliers-125mm-_BAH6178T0125.htm, 7314150106462,(£26.39 inc VAT)"
"https://www.its.co.uk/pd/2101G160-Side-Cutting-Pliers-160mm-_BAH6178T0160.htm, 7314150106486,(£25.19 inc VAT)"
"https://www.its.co.uk/pd/2101G-140-Side-Cutting-Pliers-140mm-_BAH6323T0140.htm, 7314150106479,(£26.39 inc VAT)"
"unknown, 7314150106622,Too many results, search failed"
"unknown, 7314150116140,Too many results, search failed"
"unknown, 7314150106493,Too many results, search failed"
"unknown, 7314150106493,Too many results, search failed"
"unknown, 7314150114023,Too many results, search failed"
"unknown, 7314150114047,Too many results, search failed"
"https://www.its.co.uk/pd/6166T0250-Slip-Joint-Plier-250mm-_BAH6166T0250.htm, 7314150000012,(£32.39 inc VAT)"
"https://www.its.co.uk/pd/8225-Slip-Joint-Plier-315mm-_BAH6166T0315.htm, 7314150000029,(£47.99 inc VAT)"
"unknown, 7314150237739,Too many results, search failed"
"https://www.its.co.uk/pd/TACR301JF-Chalk-Rite-Jam-Free-_TAJTACR301JF.htm, 4975364057136,(£21.59 inc VAT)"
"https://www.its.co.uk/pd/TAIR101S-Ink-Rite-_TAJTAIR101S.htm, 4975364282972,(£22.79 inc VAT)"
"https://www.its.co.uk/pd/TACR201R-Chalk-Rite-Gear-Drive-_TAJTACR201R.htm, 4975364054227,(£37.19 inc VAT)"
"unknown, 4013288175649,Too many results, search failed"
"https://www.its.co.uk/pd/059030-Kraftform-Kompakt-VDE-17-Piece-Interchangeable-Screwdriver-Set-_WER059030.htm, 4013288173508,(£58.43 inc VAT)"
"https://www.its.co.uk/pd/003484-Kraftform-Kompakt-Slimline-VDE-Interchangeable-Blade-Screwdriver-16-Piece-Set-_WER003484.htm, 4013288164056,(£55.19 inc VAT)"
"unknown, 4013288185075,Too many results, search failed"
"https://www.its.co.uk/pd/059295-Kraftform-Kompakt-60-17-Piece-Set-_WER059295.htm, 4013288096289,(£44.39 inc VAT)"
"https://www.its.co.uk/pd/227701-Red-Bull-Racing-Zyklop-14-Drive-Metric-Speed-Ratchet-Set-28-Piece-_WER227701.htm, 4013288186003,(£113.99 inc VAT)"
"https://www.its.co.uk/pd/5056490001-Tool-Check-Plus-14-Drive-39-Piece-Ratchet-with-Socket-Set-_WER056490.htm, 4013288173003,(£77.99 inc VAT)"
"https://www.its.co.uk/pd/5135918001-14-Drive-Kraftform-Kompakt-Metric-Shallow-Socket-Set-Zyklop-Mini-2-_WER135918.htm, 4013288182180,(£83.99 inc VAT)"
"https://www.its.co.uk/pd/5024470001-9679-TX-XL-Multicolour-HF-1-TORX-L-Key-Long-9-Piece-Set-_WER024470.htm, 4013288193537,(£33.59 inc VAT)"
"https://www.its.co.uk/pd/5022210001-950-SPKL9-SM-N-HF-Hex-Key-15-10-Long-Ball-End-Multi-9-Piece-Set-_WER022210.htm, 4013288188403,(£30.59 inc VAT)"
"https://www.its.co.uk/pd/73524-Wera-PZ2-89mm-Bit-_WER073524.htm, 4013288106414,incorrect barcode on page - price not found"
"https://www.its.co.uk/pd/135926-Kraftform-Kompakt-W1-Maintenance-Tool-35-Piece-Kit-_WER135926.htm, 4013288178336,(£119.99 inc VAT)"
"https://www.its.co.uk/pd/135927-Wera-Kraftform-Kompakt-SH-1-Plumbkit-Tool-Set-_WER135927.htm, 4013288170132,(£112.79 inc VAT)"
"https://www.its.co.uk/pd/227702-Red-Bull-Racing-7-Piece-Kraftform-Kompakt-20-Stainless-Bits-_WER227702.htm, 4013288186027,(£50.39 inc VAT)"
"https://www.its.co.uk/pd/227703-Red-Bull-Racing-17-Piece-Kraftform-Kompakt-60-Stainless-Bits-_WER227703.htm, 4013288186010,(£74.39 inc VAT)"
"https://www.its.co.uk/pd/227704-Red-Bull-Racing-39-Piece-Tool-Check-Plus-Rachet-Socket-and-Bit-Set-_WER227704.htm, 4013288186034,(£80.39 inc VAT)"
"https://www.its.co.uk/pd/57424-Wera-12-Piece-Metal-Bitcheck-Set-_WER057424.htm, 4013288179883,(£11.99 inc VAT)"
"https://www.its.co.uk/pd/057692-WERA-50mm-Impaktor-6-Piece-Diamond-Screwdriver-PZ-Bit-Set-_WER057692.htm, 4013288157737,(£21.95 inc VAT)"
"https://www.its.co.uk/pd/57420-Wera-12-Piece-BiTorsion-Bitcheck-Set-_WER057420.htm, 4013288179869,(£26.39 inc VAT)"
"https://www.its.co.uk/pd/073262-8000C-Zyklop-SB-Ratchet-12-Drive277mm-_WER073262.htm, 4013288128058,(£62.39 inc VAT)"
"unknown, 4013288204387,Too many results, search failed"
"https://www.its.co.uk/pd/073290-JOKER-MM-Combination-Ratchet-Wrench-4-Piece-Set-_WER073290.htm, 4013288164407,(£77.99 inc VAT)"
"https://www.its.co.uk/pd/5003881001-Zyklop-Belt-2-8740-A-HF8-In-Hex-Hold-Function-14-Socket-8-Piece-Set-_WER003881.htm, 4013288190765,(£56.39 inc VAT)"
"https://www.its.co.uk/pd/5003882001-Zyklop-Belt-3-8767-A-HF9-TX-Hold-Function-14-Metric-Socket-9-Piece-Set-_WER003882.htm, 4013288190772,(£56.39 inc VAT)"
"https://www.its.co.uk/pd/5003883001-Zyklop-Belt-4-8790-HMA-14-Metric-Socket-9-Piece-Set-_WER003883.htm, 4013288190789,(£23.99 inc VAT)"
"https://www.its.co.uk/pd/5003765001-Joker-Wrench-Open-End-17mm19mm-_WER003765.htm, 4013288173027,(£21.35 inc VAT)"
"https://www.its.co.uk/pd/5003760001-Joker-Wrench-Open-End-10mm13mm-_WER003760.htm, 4013288173010,(£16.19 inc VAT)"
"unknown, 3253560626419,Too many results, search failed"
"https://www.its.co.uk/pd/STHT066121-220V-250V--Circuit-Tester-_STASTHT066121.htm, 3253560661212,(£3.59 inc VAT)"
"https://www.its.co.uk/pd/5004203001-8790HMC-Zyklop-12-Metric-HF10-Bolt-Holding-Socket-10-Piece-Set-_WER004203.htm, 4013288184238,(£63.59 inc VAT)"
"unknown, 3253560654900,Too many results, search failed"
"unknown, 4013288004239,Too many results, search failed"
"unknown, 4013288160188,Too many results, search failed"
"https://www.its.co.uk/pd/006451-162IS-PH-VDE-Slimline-Screwdriver-PH2100-Kraftform-Plus-_WER006451.htm, 4013288160164,(£10.79 inc VAT)"
"unknown, 4013288160140,Too many results, search failed"
"https://www.its.co.uk/pd/006442-160IS-VDE-Slimline-Screwdriver-5.5125-Kraftform-Plus-_WER006442.htm, 4013288160126,(£8.75 inc VAT)"
"unknown, 4013288027306,Too many results, search failed"
"unknown, 4013288029836,Too many results, search failed"
"unknown, 4013288029843,Too many results, search failed"
"https://www.its.co.uk/pd/006441-160IS-VDE-Slimline-Screwdriver-4100-Kraftform-Plus-_WER006441.htm, 4013288160102,(£6.95 inc VAT)"
"unknown, 4013288027283,Too many results, search failed"
"unknown, 5013433700602,Too many results, search failed"
"unknown, 5010559095513,Too many results, search failed"
"unknown, 5010559635108,Too many results, search failed"
"unknown, 5032759007530,Too many results, search failed"
"unknown, 3253560600303,Too many results, search failed"
"unknown, 5032759011520,Too many results, search failed"
"https://www.its.co.uk/pd/48222533-6mm-Hollowcore-Magnetic-Nut-Driver-_MIL48222533.htm, 45242294442,incorrect barcode on page - price not found"
"unknown, 5032759025251,Too many results, search failed"
"unknown, 4003955240879,Too many results, search failed"
"unknown, -,Too many results, search failed"
"unknown, 3253560626419,Too many results, search failed"
"unknown, 5010559737406,Too many results, search failed"
"unknown, 4013288109699,Too many results, search failed"
"unknown, 5010559491476,Too many results, search failed"
"unknown, 4003773011798,Too many results, search failed"
"https://www.its.co.uk/pd/48226106-Diagonal-Cutters-160mm-_MIL48226106.htm, 45242342181,incorrect barcode on page - price not found"
"https://www.its.co.uk/pd/48226107-Diagonal-Cutters-180mm-_MIL48226107.htm, 45242342198,incorrect barcode on page - price not found"
"unknown, 7617470814,Too many results, search failed"
"unknown, 4003773011750,Too many results, search failed"
"https://www.its.co.uk/pd/33778-3-Piece-Plier-Assembly-Pack-_KNX33778.htm, 4003773012047,incorrect barcode on page - price not found"
"unknown, 4003773012023,Too many results, search failed"
"unknown, 4003773014133,Too many results, search failed"
"unknown, 4003773012061,Too many results, search failed"
"unknown, 4003758565148,Too many results, search failed"
"https://www.its.co.uk/pd/21489-VDE-Fully-Insulated-Cable-Knife-185mm-_KNX21489.htm, 4003773035695,incorrect barcode on page - price not found"
"unknown, 4003773060123,Too many results, search failed"
"https://www.its.co.uk/pd/48226210-Quick-Adjust-Water-Pump-Pliers-250mm-_MIL48226210.htm, 45242342242,incorrect barcode on page - price not found"
"https://www.its.co.uk/pd/T020830-Trade-Heavy-Duty-Chalk-Line-Reel-30m-_OXT020830.htm, 9341231001291,(£10.19 inc VAT)"
"unknown, 5060242338861,Too many results, search failed"
"unknown, 5706915076769,Too many results, search failed"
"https://www.its.co.uk/pd/0-47-488-Stanley-FatMax-Xtreme-Chalk-Reel-and-Black-Chalk-Pack-_STA047488.htm, 3253560474805,incorrect barcode on page - price not found"
"unknown, 4003773033080,Too many results, search failed"
"unknown, 4003773071839,Too many results, search failed"
"unknown, 4003758631126,Too many results, search failed"
"unknown, 4003773077671,Too many results, search failed"
"https://www.its.co.uk/pd/358-End-Cutting-Pliers-200mm-_CHL358.htm, 25582156211,incorrect barcode on page - price not found"
"unknown, 5055172701366,Too many results, search failed"
"unknown, 5055172702264,Too many results, search failed"
"https://www.its.co.uk/pd/T3963160-Cable-Cutters-160mm-_CKTT3963160.htm, 5013969051131,(£23.99 inc VAT)"
"unknown, 76174473735,Too many results, search failed"
"unknown, 76174473742,Too many results, search failed"
"https://www.its.co.uk/pd/10507684-STRAIT-LINE-MACH-6-Chalk-Reel-Set-and-Blue-113g-Chalk-_IRW10507684.htm, 5706915076844,(£14.39 inc VAT)"
"https://www.its.co.uk/pd/047681-FatMax-Chalk-Reel;-Chalk-and-Pen-_STA047681.htm, 3253560476816,(£14.39 inc VAT)"
"unknown, 5706915081541,Too many results, search failed"
"https://www.its.co.uk/pd/48226407-Nipping-Pliers-180mm-_MIL48226407.htm, 45242356096,incorrect barcode on page - price not found"
"unknown, 5013433950069,Too many results, search failed"
"https://www.its.co.uk/pd/48226101-Long-Nose-Pliers-210mm-_MIL48226101.htm, 45242342211,incorrect barcode on page - price not found"
"unknown, 5013433970081,Too many results, search failed"
"unknown, 5029594205405,Too many results, search failed"
"unknown, 5024763178122,Too many results, search failed"
"unknown, 5024763016189,Too many results, search failed"
"unknown, 5024763016196,Too many results, search failed"
"unknown, 5029594210379,Too many results, search failed"
"https://www.its.co.uk/pd/962219-38-Drive-Torque-Wrench-8-105Nm-_SIL962219.htm, 5024763146961,incorrect barcode on page - price not found"
"unknown, 24721649058,Too many results, search failed"
"unknown, 24721500120,Too many results, search failed"
"unknown, 3484203230520,Too many results, search failed"
"unknown, 5010559115280,Too many results, search failed"
"https://www.its.co.uk/pd/TACR201R-Chalk-Rite-Gear-Drive-_TAJTACR201R.htm, 4975364054357,incorrect barcode on page - price not found"
"https://www.its.co.uk/pd/T020830-Trade-Heavy-Duty-Chalk-Line-Reel-30m-_OXT020830.htm, 9341231001291,(£10.19 inc VAT)"
"https://www.its.co.uk/pd/042287-Stanley-Line-Level-80mm-_STA042287.htm, 3253560422875,(£3.59 inc VAT)"
"https://www.its.co.uk/pd/598001-6-Piece-Screwdriver-Set-_STA598001.htm, 3253565980011,(£10.79 inc VAT)"
"unknown, 8412814119298,Too many results, search failed"
"https://www.its.co.uk/pd/B219026-BahcoFit-Screwdriver-6-Piece-Set-_BAHB219026.htm, 7314150283378,incorrect barcode on page - price not found"
"https://www.its.co.uk/pd/T49183-Dextro-VDE-Screwdriver-Slotted-Parallel-and-PZD-Set-of-6-_CKTT49183.htm, 5013969704785,incorrect barcode on page - price not found"
"https://www.its.co.uk/pd/T4729-Triton-XLS-Insulated-SLPZ-5-Piece-Screwdriver-Set-_CKTT4729.htm, 5013969704808,(£26.39 inc VAT)"
"unknown, 5013433606027,Too many results, search failed"
"unknown, 5010559095513,Too many results, search failed"
"unknown, 5039197073196,Too many results, search failed"
"https://www.its.co.uk/pd/AP5MEHV-A1-Plus-Hi-Vis-Yellow-Tape-Measure-5m16ft-_FSCAP5MEHV.htm, 5013623210669,incorrect barcode on page - price not found"
"https://www.its.co.uk/pd/BMC08-Brick-Mate-Brick-Tape-8m-_FSCBMC08.htm, 5013623207409,(£15.59 inc VAT)"
"unknown, 9342649001446,Too many results, search failed"
"unknown, 9342649001453,Too many results, search failed"
"unknown, 5032759008865,Too many results, search failed"
"https://www.its.co.uk/pd/1911D-Brick-Trowel-Philadelphia-Pattern-11-_MT1911D.htm, 35965001090,(£49.19 inc VAT)"
"unknown, 35965003100,Too many results, search failed"
"https://www.its.co.uk/pd/P011212-Pro-Brick-Trowel-Philadelphia-Pattern-300mm12-_OXP011212.htm, 5060242330629,(£27.59 inc VAT)"
"https://www.its.co.uk/pd/P011211-Pro-Brick-Trowel-Philadelphia-Pattern-280mm11-_OXP011211.htm, 5060242330612,(£27.59 inc VAT)"
"https://www.its.co.uk/pd/P011210-Pro-Brick-Trowel-Philadelphia-Pattern-250mm10-_OXP011210.htm, 5060242330605,(£27.59 inc VAT)"
"unknown, 5013693862560,Too many results, search failed"
"https://www.its.co.uk/pd/OX-S240810-FFP2-Moulded-Cup-Respirator---Pack-of-20-_OXS240810.htm, 9341231040153,incorrect barcode on page - price not found"
"https://www.its.co.uk/pd/OX-S240910-FFP2V-Moulded-Cup-Valved-Respirator---Pack-of-10-_OXS240910.htm, 9341231040160,incorrect barcode on page - price not found"
"unknown, 5023969270326,Too many results, search failed"
"https://www.its.co.uk/pd/65SSD-Inside-Corner-Trowel-6-_MT65SSD.htm, 35965044226,incorrect barcode on page - price not found"
"unknown, 99713158139,Too many results, search failed"
"https://www.its.co.uk/pd/7-20-556-FatMax-Jab-Saw-with-Holster-355mm-_STA720556.htm, 3253562205568,(£14.39 inc VAT)"
"https://www.its.co.uk/pd/020559-FatMax-Folding-Jab-Saw-_STA020559.htm, 3253560205591,(£14.99 inc VAT)"
"unknown, 8023022061,Too many results, search failed"
"https://www.its.co.uk/pd/48229304-Rasping-Jab-Saw-150mm-_MIL48229304.htm, 45242480555,incorrect barcode on page - price not found"
"https://www.its.co.uk/pd/10505705-ProTouch-Jabsaw-165mm-8TPI-_JAK10505705.htm, 5706915057058,(£11.75 inc VAT)"
"unknown, 5010559029457,Too many results, search failed"
"unknown, 5060242338717,Too many results, search failed"
"unknown, 37103278685,Too many results, search failed"
"unknown, 5023969211565,Too many results, search failed"
"unknown, 3253560208073,Too many results, search failed"
"unknown, 37103202772,Too many results, search failed"
"https://www.its.co.uk/pd/VIS6R-Irwin-Vise-Grip-Locking-C-Clamp-Regular-Tip-150mm6-_VIS6R.htm, 38548001715,incorrect barcode on page - price not found"
"https://www.its.co.uk/pd/6RFR-IRWIN-Vise-Grip-Fast-Release-Locking-C-Clamp-6R-150mm6-_VIS6RFR.htm, 5706915071900,(£21.59 inc VAT)"
"unknown, 5018341560959,Too many results, search failed"
"unknown, -,Too many results, search failed"
"https://www.its.co.uk/pd/T1502EL4-Vise-Grip-Long-Nose-Locking-Pliers-9LN-225mm-_VIST1502EL4.htm, 38548001517,incorrect barcode on page - price not found"
"https://www.its.co.uk/pd/10507695-IRWIN-Folding-Knife-_IRW10507695.htm, 5706915076950,(£13.79 inc VAT)"
"https://www.its.co.uk/pd/5-10-778-Stanley-FatMax-Retractable-Knife-_STA510778.htm, 3253560107789,(£13.79 inc VAT)"
"unknown, 5018341056766,Too many results, search failed"
"https://www.its.co.uk/pd/0-10-502-FatMax-Pro-Twin-Blade-Folding-Knife-_STA010502.htm, 3253560105020,(£23.99 inc VAT)"
"https://www.its.co.uk/pd/521398-Surform-Fine-Cut-Blade-140mm5.5-_STA521398.htm, 3253565213980,(£3.95 inc VAT)"
"https://www.its.co.uk/pd/521293-Surform-Standard-Cut-Blade-250mm10-_STA521293.htm, 3253565212938,(£4.19 inc VAT)"
"https://www.its.co.uk/pd/MDR389-Drywall-Rasp-With-Rails-_MTMDR389.htm, 35965143899,(£13.19 inc VAT)"
"https://www.its.co.uk/pd/MDR390-Drywall-Rasp-Without-Rails-_MTMDR390.htm, 35965143905,incorrect barcode on page - price not found"
"unknown, 3253560203313,Too many results, search failed"
"https://www.its.co.uk/pd/TATBYD180-Drywall-Rasp-180mm7-_TAJTATBYD180.htm, 4975364056665,(£23.15 inc VAT)"
"https://www.its.co.uk/pd/P-90548-Quick-Change-Folding-Lockback-Knife-_MAKP90548.htm, 88381519267,(£10.79 inc VAT)"
"https://www.its.co.uk/pd/48229901-Milwaukee-Fastback-Flip-Utility-Knife-_MIL48229901.htm, 45242367047,incorrect barcode on page - price not found"
"unknown, 5029594628457,Too many results, search failed"
"unknown, 5706915042375,Too many results, search failed"
"unknown, 3253560716998,Too many results, search failed"
"unknown, 5055172702769,Too many results, search failed"
"https://www.its.co.uk/pd/521104-Surform-Moulded-Body-Plane-155mm-_STA521104.htm, 3253565211047,(£6.95 inc VAT)"
"unknown, 3253560106010,Too many results, search failed"
"unknown, 5010559244249,Too many results, search failed"
"https://www.its.co.uk/pd/TAVRB10B-V-Rex-Razar-Black-Coated-Utility-Knife-Blades---Pack-of-10-_TAJTAVRB10B.htm, 4975364019585,incorrect barcode on page - price not found"
"https://www.its.co.uk/pd/TAVRB10B-V-Rex-Razar-Black-Coated-Utility-Knife-Blades---Pack-of-10-_TAJTAVRB10B.htm, 4975364019578,(£7.19 inc VAT)"
"https://www.its.co.uk/pd/TALB50CD-Endura-Snap-Blades-18mm---Pack-of-10-_TAJTALB50CD.htm, 4975364014276,(£3.83 inc VAT)"
"unknown, 5060063224183,Too many results, search failed"
"unknown, 7064663225807,Too many results, search failed"
"unknown, 5018341559953,Too many results, search failed"
"unknown, 4029113825252,Too many results, search failed"
"unknown, 5060063222905,Too many results, search failed"
"unknown, 4029113761352,Too many results, search failed"
"unknown, 5060063222943,Too many results, search failed"
"https://www.its.co.uk/pd/NE6640-Nebo-Big-Larry-PRO-LED-Torch-_NEBNB6640.htm, 5060063225708,incorrect barcode on page - price not found"
"unknown, 84871314930,Too many results, search failed"
"unknown, 84871314756,Too many results, search failed"
"unknown, 4007123626267,Too many results, search failed"
"https://www.its.co.uk/pd/IP6693-Pro-2400-Light-iProtec-_NEBIP6693.htm, 5060063222790,incorrect barcode on page - price not found"
"https://www.its.co.uk/pd/NB6306-Nebo-Big-Larry-LED-Torch-_NEBNB6306.htm, 5060063223742,(£14.99 inc VAT)"
"https://www.its.co.uk/pd/NB6306-Nebo-Big-Larry-LED-Torch-_NEBNB6306.htm, 5060063223735,incorrect barcode on page - price not found"
"unknown, 5060063225555,Too many results, search failed"
"unknown, 9342649000456,Too many results, search failed"
"https://www.its.co.uk/pd/43618-Moisture-Meter-_DRA43618.htm, 5010559430987,incorrect barcode on page - price not found"
"unknown, 9342649001859,Too many results, search failed"
"unknown, 9342649001583,Too many results, search failed"
"unknown, 5000394018457,Too many results, search failed"
"unknown, 5023969306612,Too many results, search failed"
"https://www.its.co.uk/pd/MX2400B5-3-Duracell-Ultra-Power-AAA-Batteries-Pack-of-8-_DURMX2400B53.htm, 5000394002241,incorrect barcode on page - price not found"
"unknown, 5023969306650,Too many results, search failed"
"https://www.its.co.uk/pd/MN1300B2-Duracell-Plus-Power-D-Batteries-Pack-of-2-_DURMN1300B2.htm, 5000394019157,incorrect barcode on page - price not found"
"https://www.its.co.uk/pd/T101AO-Bosch-Jigsaw-Blades-Pk-5-Curve-Cutting-Woodplastic-_BOST101AO.htm, 3165140600798,incorrect barcode on page - price not found"
"unknown, 4007123632725,Too many results, search failed"
"unknown, 4975364047816,Too many results, search failed"
"https://www.its.co.uk/pd/GMS120-Digital-Multi-Scanner-Detector-_BOSGMS120.htm, 3165140560108,(£125.99 inc VAT)"
"unknown, 4975364047816,Too many results, search failed"
"https://www.its.co.uk/pd/ADM30-Laser-Range-Finder-_FLEADM30.htm, 4030293182592,(£53.99 inc VAT)"
"unknown, 5019200122226,Too many results, search failed"
"unknown, 5019200108381,Too many results, search failed"
"unknown, 5011787000300,Too many results, search failed"
"unknown, 5060172010738,Too many results, search failed"
"https://www.its.co.uk/pd/U200-Broadfix-Assorted-U-Packers----Bag-of-200-_BROU200.htm, 5060172010820,incorrect barcode on page - price not found"
"https://www.its.co.uk/pd/633499-Plastic-Packers--100-Pack-_SIL633499.htm, 5055058108937,(£5.99 inc VAT)"
"https://www.its.co.uk/pd/Power-Inspection-Light-300-Lumens_LIHETECH300R.htm, 5023969306193,incorrect barcode on page - price not found"
"https://www.its.co.uk/pd/BSP120-Assorted-Flatpackers-100mm-x-28mm-1-6mm---Bag-of-120-_BROBSP120.htm, 5060172010134,(£11.99 inc VAT)"
"https://www.its.co.uk/pd/U200-Broadfix-Assorted-U-Packers----Bag-of-200-_BROU200.htm, 5060172010127,(£12.59 inc VAT)"
"https://www.its.co.uk/pd/BSP300-Broadfix-Assorted-Flatpackers---Tub-of-300-_BROBSP300.htm, 5060172010141,(£16.79 inc VAT)"
"unknown, 5019200004140,Too many results, search failed"
"unknown, Demo - please subscribe to full version,Too many results, search failed"
"unknown, 3253561984600,Too many results, search failed"
"unknown, 7610594000084,Too many results, search failed"
"unknown, 7610594000053,Too many results, search failed"
"unknown, 5010305056300,Too many results, search failed"
"unknown, 5010266253473,Too many results, search failed"
"unknown, 5060242337895,Too many results, search failed"
"unknown, 24721500076,Too many results, search failed"
"unknown, 3253561478215,Too many results, search failed"
"unknown, 3253561478222,Too many results, search failed"
"unknown, 5060242337901,Too many results, search failed"
"unknown, 7314150128693,Too many results, search failed"
"unknown, 24721500120,Too many results, search failed"
"unknown, -,Too many results, search failed"
